Distrito,Provincia,Departamento
Chachapoyas,Chachapoyas,Amazonas
Asuncion,Chachapoyas,Amazonas
Balsas,Chachapoyas,Amazonas
Cheto,Chachapoyas,Amazonas
Chiliquin,Chachapoyas,Amazonas
Chuquibamba,Chachapoyas,Amazonas
Granada,Chachapoyas,Amazonas
Huancas,Chachapoyas,Amazonas
La Jalca,Chachapoyas,Amazonas
Leimebamba,Chachapoyas,Amazonas
Levanto,Chachapoyas,Amazonas
Magdalena,Chachapoyas,Amazonas
Mariscal Castilla,Chachapoyas,Amazonas
Molinopampa,Chachapoyas,Amazonas
Montevideo,Chachapoyas,Amazonas
Olleros,Chachapoyas,Amazonas
Quinjalca,Chachapoyas,Amazonas
San Francisco de Daguas,Chachapoyas,Amazonas
San Isidro de Maino,Chachapoyas,Amazonas
Soloco,Chachapoyas,Amazonas
Sonche,Chachapoyas,Amazonas
Bagua,Bagua,Amazonas
Aramango,Bagua,Amazonas
Copallin,Bagua,Amazonas
El Parco,Bagua,Amazonas
Imaza,Bagua,Amazonas
La Peca,Bagua,Amazonas
Jumbilla,Bongara,Amazonas
Chisquilla,Bongara,Amazonas
Churuja,Bongara,Amazonas
Corosha,Bongara,Amazonas
Cuispes,Bongara,Amazonas
Florida,Bongara,Amazonas
Jazan,Bongara,Amazonas
Recta,Bongara,Amazonas
San Carlos,Bongara,Amazonas
Shipasbamba,Bongara,Amazonas
Valera,Bongara,Amazonas
Yambrasbamba,Bongara,Amazonas
Nieva,Condorcanqui,Amazonas
El Cenepa,Condorcanqui,Amazonas
Rio Santiago,Condorcanqui,Amazonas
Lamud,Luya,Amazonas
Camporredondo,Luya,Amazonas
Cocabamba,Luya,Amazonas
Colcamar,Luya,Amazonas
Conila,Luya,Amazonas
Inguilpata,Luya,Amazonas
Longuita,Luya,Amazonas
Lonya Chico,Luya,Amazonas
Luya,Luya,Amazonas
Luya Viejo,Luya,Amazonas
Maria,Luya,Amazonas
Ocalli,Luya,Amazonas
Ocumal,Luya,Amazonas
Pisuquia,Luya,Amazonas
Providencia,Luya,Amazonas
San Cristobal,Luya,Amazonas
San Francisco del Yeso,Luya,Amazonas
San Jeronimo,Luya,Amazonas
San Juan de Lopecancha,Luya,Amazonas
Santa Catalina,Luya,Amazonas
Santo Tomas,Luya,Amazonas
Tingo,Luya,Amazonas
Trita,Luya,Amazonas
San Nicolas,Rodriguez de Mendoza,Amazonas
Chirimoto,Rodriguez de Mendoza,Amazonas
Cochamal,Rodriguez de Mendoza,Amazonas
Huambo,Rodriguez de Mendoza,Amazonas
Limabamba,Rodriguez de Mendoza,Amazonas
Longar,Rodriguez de Mendoza,Amazonas
Mariscal Benavides,Rodriguez de Mendoza,Amazonas
Milpuc,Rodriguez de Mendoza,Amazonas
Omia,Rodriguez de Mendoza,Amazonas
Santa Rosa,Rodriguez de Mendoza,Amazonas
Totora,Rodriguez de Mendoza,Amazonas
Vista Alegre,Rodriguez de Mendoza,Amazonas
Bagua Grande,Utcubamba,Amazonas
Cajaruro,Utcubamba,Amazonas
Cumba,Utcubamba,Amazonas
El Milagro,Utcubamba,Amazonas
Jamalca,Utcubamba,Amazonas
Lonya Grande,Utcubamba,Amazonas
Yamon,Utcubamba,Amazonas
Huaraz,Huaraz,Ancash
Cochabamba,Huaraz,Ancash
Colcabamba,Huaraz,Ancash
Huanchay,Huaraz,Ancash
Independencia,Huaraz,Ancash
Jangas,Huaraz,Ancash
La Libertad,Huaraz,Ancash
Olleros,Huaraz,Ancash
Pampas,Huaraz,Ancash
Pariacoto,Huaraz,Ancash
Pira,Huaraz,Ancash
Tarica,Huaraz,Ancash
Aija,Aija,Ancash
Coris,Aija,Ancash
Huacllan,Aija,Ancash
La Merced,Aija,Ancash
Succha,Aija,Ancash
Llamellin,Antonio Raymondi,Ancash
Aczo,Antonio Raymondi,Ancash
Chaccho,Antonio Raymondi,Ancash
Chingas,Antonio Raymondi,Ancash
Mirgas,Antonio Raymondi,Ancash
San Juan de Rontoy,Antonio Raymondi,Ancash
Chacas,Asuncion,Ancash
Acochaca,Asuncion,Ancash
Chiquian,Bolognesi,Ancash
Abelardo Pardo Lezameta,Bolognesi,Ancash
Antonio Raymondi,Bolognesi,Ancash
Aquia,Bolognesi,Ancash
Cajacay,Bolognesi,Ancash
Canis,Bolognesi,Ancash
Colquioc,Bolognesi,Ancash
Huallanca,Bolognesi,Ancash
Huasta,Bolognesi,Ancash
Huayllacayan,Bolognesi,Ancash
La Primavera,Bolognesi,Ancash
Mangas,Bolognesi,Ancash
Pacllon,Bolognesi,Ancash
San Miguel de Corpanqui,Bolognesi,Ancash
Ticllos,Bolognesi,Ancash
Carhuaz,Carhuaz,Ancash
Acopampa,Carhuaz,Ancash
Amashca,Carhuaz,Ancash
Anta,Carhuaz,Ancash
Ataquero,Carhuaz,Ancash
Marcara,Carhuaz,Ancash
Pariahuanca,Carhuaz,Ancash
San Miguel de Aco,Carhuaz,Ancash
Shilla,Carhuaz,Ancash
Tinco,Carhuaz,Ancash
Yungar,Carhuaz,Ancash
San Luis,Carlos Fermin Fitzca,Ancash
San Nicolas,Carlos Fermin Fitzca,Ancash
Yauya,Carlos Fermin Fitzca,Ancash
Casma,Casma,Ancash
Buena Vista Alta,Casma,Ancash
Comandante Noel,Casma,Ancash
Yautan,Casma,Ancash
Corongo,Corongo,Ancash
Aco,Corongo,Ancash
Bambas,Corongo,Ancash
Cusca,Corongo,Ancash
La Pampa,Corongo,Ancash
Yanac,Corongo,Ancash
Yupan,Corongo,Ancash
Huari,Huari,Ancash
Anra,Huari,Ancash
Cajay,Huari,Ancash
Chavin de Huantar,Huari,Ancash
Huacachi,Huari,Ancash
Huacchis,Huari,Ancash
Huachis,Huari,Ancash
Huantar,Huari,Ancash
Masin,Huari,Ancash
Paucas,Huari,Ancash
Ponto,Huari,Ancash
Rahuapampa,Huari,Ancash
Rapayan,Huari,Ancash
San Marcos,Huari,Ancash
San Pedro de Chana,Huari,Ancash
Uco,Huari,Ancash
Huarmey,Huarmey,Ancash
Cochapeti,Huarmey,Ancash
Culebras,Huarmey,Ancash
Huayan,Huarmey,Ancash
Malvas,Huarmey,Ancash
Caraz,Huaylas,Ancash
Huallanca,Huaylas,Ancash
Huata,Huaylas,Ancash
Huaylas,Huaylas,Ancash
Mato,Huaylas,Ancash
Pamparomas,Huaylas,Ancash
Pueblo Libre,Huaylas,Ancash
Santa Cruz,Huaylas,Ancash
Santo Toribio,Huaylas,Ancash
Yuracmarca,Huaylas,Ancash
Piscobamba,Mariscal Luzuriaga,Ancash
Casca,Mariscal Luzuriaga,Ancash
Eleazar Guzman Barron,Mariscal Luzuriaga,Ancash
Fidel Olivas Escudero,Mariscal Luzuriaga,Ancash
Llama,Mariscal Luzuriaga,Ancash
Llumpa,Mariscal Luzuriaga,Ancash
Lucma,Mariscal Luzuriaga,Ancash
Musga,Mariscal Luzuriaga,Ancash
Ocros,Ocros,Ancash
Acas,Ocros,Ancash
Cajamarquilla,Ocros,Ancash
Carhuapampa,Ocros,Ancash
Cochas,Ocros,Ancash
Congas,Ocros,Ancash
Llipa,Ocros,Ancash
San Cristobal de Rajan,Ocros,Ancash
San Pedro,Ocros,Ancash
Santiago de Chilcas,Ocros,Ancash
Cabana,Pallasca,Ancash
Bolognesi,Pallasca,Ancash
Conchucos,Pallasca,Ancash
Huacaschuque,Pallasca,Ancash
Huandoval,Pallasca,Ancash
Lacabamba,Pallasca,Ancash
Llapo,Pallasca,Ancash
Pallasca,Pallasca,Ancash
Pampas,Pallasca,Ancash
Santa Rosa,Pallasca,Ancash
Tauca,Pallasca,Ancash
Pomabamba,Pomabamba,Ancash
Huayllan,Pomabamba,Ancash
Parobamba,Pomabamba,Ancash
Quinuabamba,Pomabamba,Ancash
Recuay,Recuay,Ancash
Catac,Recuay,Ancash
Cotaparaco,Recuay,Ancash
Huayllapampa,Recuay,Ancash
Llacllin,Recuay,Ancash
Marca,Recuay,Ancash
Pampas Chico,Recuay,Ancash
Pararin,Recuay,Ancash
Tapacocha,Recuay,Ancash
Ticapampa,Recuay,Ancash
Chimbote,Santa,Ancash
Caceres del Peru,Santa,Ancash
Coishco,Santa,Ancash
Macate,Santa,Ancash
Moro,Santa,Ancash
Nepeña,Santa,Ancash
Samanco,Santa,Ancash
Santa,Santa,Ancash
Nuevo Chimbote,Santa,Ancash
Sihuas,Sihuas,Ancash
Acobamba,Sihuas,Ancash
Alfonso Ugarte,Sihuas,Ancash
Cashapampa,Sihuas,Ancash
Chingalpo,Sihuas,Ancash
Huayllabamba,Sihuas,Ancash
Quiches,Sihuas,Ancash
Ragash,Sihuas,Ancash
San Juan,Sihuas,Ancash
Sicsibamba,Sihuas,Ancash
Yungay,Yungay,Ancash
Cascapara,Yungay,Ancash
Mancos,Yungay,Ancash
Matacoto,Yungay,Ancash
Quillo,Yungay,Ancash
Ranrahirca,Yungay,Ancash
Shupluy,Yungay,Ancash
Yanama,Yungay,Ancash
Abancay,Abancay,Apurimac
Chacoche,Abancay,Apurimac
Circa,Abancay,Apurimac
Curahuasi,Abancay,Apurimac
Huanipaca,Abancay,Apurimac
Lambrama,Abancay,Apurimac
Pichirhua,Abancay,Apurimac
San Pedro de Cachora,Abancay,Apurimac
Tamburco,Abancay,Apurimac
Andahuaylas,Andahuaylas,Apurimac
Andarapa,Andahuaylas,Apurimac
Chiara,Andahuaylas,Apurimac
Huancarama,Andahuaylas,Apurimac
Huancaray,Andahuaylas,Apurimac
Huayana,Andahuaylas,Apurimac
Kishuara,Andahuaylas,Apurimac
Pacobamba,Andahuaylas,Apurimac
Pacucha,Andahuaylas,Apurimac
Pampachiri,Andahuaylas,Apurimac
Pomacocha,Andahuaylas,Apurimac
San Antonio de Cachi,Andahuaylas,Apurimac
San Jeronimo,Andahuaylas,Apurimac
San Miguel de Chaccrampa,Andahuaylas,Apurimac
Santa Maria de Chicmo,Andahuaylas,Apurimac
Talavera,Andahuaylas,Apurimac
Tumay Huaraca,Andahuaylas,Apurimac
Turpo,Andahuaylas,Apurimac
Kaquiabamba,Andahuaylas,Apurimac
José María Arguedas,Andahuaylas,Apurimac
Antabamba,Antabamba,Apurimac
El Oro,Antabamba,Apurimac
Huaquirca,Antabamba,Apurimac
Juan Espinoza Medrano,Antabamba,Apurimac
Oropesa,Antabamba,Apurimac
Pachaconas,Antabamba,Apurimac
Sabaino,Antabamba,Apurimac
Chalhuanca,Aymaraes,Apurimac
Capaya,Aymaraes,Apurimac
Caraybamba,Aymaraes,Apurimac
Chapimarca,Aymaraes,Apurimac
Colcabamba,Aymaraes,Apurimac
Cotaruse,Aymaraes,Apurimac
Huayllo,Aymaraes,Apurimac
Justo Apu Sahuaraura,Aymaraes,Apurimac
Lucre,Aymaraes,Apurimac
Pocohuanca,Aymaraes,Apurimac
San Juan de Chacña,Aymaraes,Apurimac
Sañayca,Aymaraes,Apurimac
Soraya,Aymaraes,Apurimac
Tapairihua,Aymaraes,Apurimac
Tintay,Aymaraes,Apurimac
Toraya,Aymaraes,Apurimac
Yanaca,Aymaraes,Apurimac
Tambobamba,Cotabambas,Apurimac
Cotabambas,Cotabambas,Apurimac
Coyllurqui,Cotabambas,Apurimac
Haquira,Cotabambas,Apurimac
Mara,Cotabambas,Apurimac
Challhuahuacho,Cotabambas,Apurimac
Chincheros,Chincheros,Apurimac
Anco_Huallo,Chincheros,Apurimac
Cocharcas,Chincheros,Apurimac
Huaccana,Chincheros,Apurimac
Ocobamba,Chincheros,Apurimac
Ongoy,Chincheros,Apurimac
Uranmarca,Chincheros,Apurimac
Ranracancha,Chincheros,Apurimac
Rocchacc,Chincheros,Apurimac
El Porvenir,Chincheros,Apurimac
Los Chankas,Chincheros,Apurimac
Chuquibambilla,Grau,Apurimac
Curpahuasi,Grau,Apurimac
Gamarra,Grau,Apurimac
Huayllati,Grau,Apurimac
Mamara,Grau,Apurimac
Micaela Bastidas,Grau,Apurimac
Pataypampa,Grau,Apurimac
Progreso,Grau,Apurimac
San Antonio,Grau,Apurimac
Santa Rosa,Grau,Apurimac
Turpay,Grau,Apurimac
Vilcabamba,Grau,Apurimac
Virundo,Grau,Apurimac
Curasco,Grau,Apurimac
Arequipa,Arequipa,Arequipa
Alto Selva Alegre,Arequipa,Arequipa
Cayma,Arequipa,Arequipa
Cerro Colorado,Arequipa,Arequipa
Characato,Arequipa,Arequipa
Chiguata,Arequipa,Arequipa
Jacobo Hunter,Arequipa,Arequipa
La Joya,Arequipa,Arequipa
Mariano Melgar,Arequipa,Arequipa
Miraflores,Arequipa,Arequipa
Mollebaya,Arequipa,Arequipa
Paucarpata,Arequipa,Arequipa
Pocsi,Arequipa,Arequipa
Polobaya,Arequipa,Arequipa
Quequeña,Arequipa,Arequipa
Sabandia,Arequipa,Arequipa
Sachaca,Arequipa,Arequipa
San Juan de Siguas,Arequipa,Arequipa
San Juan de Tarucani,Arequipa,Arequipa
Santa Isabel de Siguas,Arequipa,Arequipa
Santa Rita de Siguas,Arequipa,Arequipa
Socabaya,Arequipa,Arequipa
Tiabaya,Arequipa,Arequipa
Uchumayo,Arequipa,Arequipa
Vitor,Arequipa,Arequipa
Yanahuara,Arequipa,Arequipa
Yarabamba,Arequipa,Arequipa
Yura,Arequipa,Arequipa
Jose Luis Bustamante y Rivero,Arequipa,Arequipa
Camana,Camana,Arequipa
Jose Maria Quimper,Camana,Arequipa
Mariano Nicolas Valcarcel,Camana,Arequipa
Mariscal Caceres,Camana,Arequipa
Nicolas de Pierola,Camana,Arequipa
Ocoña,Camana,Arequipa
Quilca,Camana,Arequipa
Samuel Pastor,Camana,Arequipa
Caraveli,Caraveli,Arequipa
Acari,Caraveli,Arequipa
Atico,Caraveli,Arequipa
Atiquipa,Caraveli,Arequipa
Bella Union,Caraveli,Arequipa
Cahuacho,Caraveli,Arequipa
Chala,Caraveli,Arequipa
Chaparra,Caraveli,Arequipa
Huanuhuanu,Caraveli,Arequipa
Jaqui,Caraveli,Arequipa
Lomas,Caraveli,Arequipa
Quicacha,Caraveli,Arequipa
Yauca,Caraveli,Arequipa
Aplao,Castilla,Arequipa
Andagua,Castilla,Arequipa
Ayo,Castilla,Arequipa
Chachas,Castilla,Arequipa
Chilcaymarca,Castilla,Arequipa
Choco,Castilla,Arequipa
Huancarqui,Castilla,Arequipa
Machaguay,Castilla,Arequipa
Orcopampa,Castilla,Arequipa
Pampacolca,Castilla,Arequipa
Tipan,Castilla,Arequipa
Uñon,Castilla,Arequipa
Uraca,Castilla,Arequipa
Viraco,Castilla,Arequipa
Chivay,Caylloma,Arequipa
Achoma,Caylloma,Arequipa
Cabanaconde,Caylloma,Arequipa
Callalli,Caylloma,Arequipa
Caylloma,Caylloma,Arequipa
Coporaque,Caylloma,Arequipa
Huambo,Caylloma,Arequipa
Huanca,Caylloma,Arequipa
Ichupampa,Caylloma,Arequipa
Lari,Caylloma,Arequipa
Lluta,Caylloma,Arequipa
Maca,Caylloma,Arequipa
Madrigal,Caylloma,Arequipa
San Antonio de Chuca,Caylloma,Arequipa
Sibayo,Caylloma,Arequipa
Tapay,Caylloma,Arequipa
Tisco,Caylloma,Arequipa
Tuti,Caylloma,Arequipa
Yanque,Caylloma,Arequipa
Majes,Caylloma,Arequipa
Chuquibamba,Condesuyos,Arequipa
Andaray,Condesuyos,Arequipa
Cayarani,Condesuyos,Arequipa
Chichas,Condesuyos,Arequipa
Iray,Condesuyos,Arequipa
Rio Grande,Condesuyos,Arequipa
Salamanca,Condesuyos,Arequipa
Yanaquihua,Condesuyos,Arequipa
Mollendo,Islay,Arequipa
Cocachacra,Islay,Arequipa
Dean Valdivia,Islay,Arequipa
Islay,Islay,Arequipa
Mejia,Islay,Arequipa
Punta de Bombon,Islay,Arequipa
Cotahuasi,La Union,Arequipa
Alca,La Union,Arequipa
Charcana,La Union,Arequipa
Huaynacotas,La Union,Arequipa
Pampamarca,La Union,Arequipa
Puyca,La Union,Arequipa
Quechualla,La Union,Arequipa
Sayla,La Union,Arequipa
Tauria,La Union,Arequipa
Tomepampa,La Union,Arequipa
Toro,La Union,Arequipa
Ayacucho,Huamanga,Ayacucho
Acocro,Huamanga,Ayacucho
Acos Vinchos,Huamanga,Ayacucho
Carmen Alto,Huamanga,Ayacucho
Chiara,Huamanga,Ayacucho
Ocros,Huamanga,Ayacucho
Pacaycasa,Huamanga,Ayacucho
Quinua,Huamanga,Ayacucho
San Jose de Ticllas,Huamanga,Ayacucho
San Juan Bautista,Huamanga,Ayacucho
Santiago de Pischa,Huamanga,Ayacucho
Socos,Huamanga,Ayacucho
Tambillo,Huamanga,Ayacucho
Vinchos,Huamanga,Ayacucho
Jesus Nazareno,Huamanga,Ayacucho
Andrés Avelino Cáceres Dorregaray,Huamanga,Ayacucho
Cangallo,Cangallo,Ayacucho
Chuschi,Cangallo,Ayacucho
Los Morochucos,Cangallo,Ayacucho
Maria Parado de Bellido,Cangallo,Ayacucho
Paras,Cangallo,Ayacucho
Totos,Cangallo,Ayacucho
Sancos,Huanca Sancos,Ayacucho
Carapo,Huanca Sancos,Ayacucho
Sacsamarca,Huanca Sancos,Ayacucho
Santiago de Lucanamarca,Huanca Sancos,Ayacucho
Huanta,Huanta,Ayacucho
Ayahuanco,Huanta,Ayacucho
Huamanguilla,Huanta,Ayacucho
Iguain,Huanta,Ayacucho
Luricocha,Huanta,Ayacucho
Santillana,Huanta,Ayacucho
Sivia,Huanta,Ayacucho
Llochegua,Huanta,Ayacucho
Canayre,Huanta,Ayacucho
Uchuraccay,Huanta,Ayacucho
Pucacolpa,Huanta,Ayacucho
Chaca,Huanta,Ayacucho
San Miguel,La Mar,Ayacucho
Anco,La Mar,Ayacucho
Ayna,La Mar,Ayacucho
Chilcas,La Mar,Ayacucho
Chungui,La Mar,Ayacucho
Luis Carranza,La Mar,Ayacucho
Santa Rosa,La Mar,Ayacucho
Tambo,La Mar,Ayacucho
Samugari,La Mar,Ayacucho
Anchihuay,La Mar,Ayacucho
Oronccoy,La Mar,Ayacucho
Puquio,Lucanas,Ayacucho
Aucara,Lucanas,Ayacucho
Cabana,Lucanas,Ayacucho
Carmen Salcedo,Lucanas,Ayacucho
Chaviña,Lucanas,Ayacucho
Chipao,Lucanas,Ayacucho
Huac-Huas,Lucanas,Ayacucho
Laramate,Lucanas,Ayacucho
Leoncio Prado,Lucanas,Ayacucho
Llauta,Lucanas,Ayacucho
Lucanas,Lucanas,Ayacucho
Ocaña,Lucanas,Ayacucho
Otoca,Lucanas,Ayacucho
Saisa,Lucanas,Ayacucho
San Cristobal,Lucanas,Ayacucho
San Juan,Lucanas,Ayacucho
San Pedro,Lucanas,Ayacucho
San Pedro de Palco,Lucanas,Ayacucho
Sancos,Lucanas,Ayacucho
Santa Ana de Huaycahuacho,Lucanas,Ayacucho
Santa Lucia,Lucanas,Ayacucho
Coracora,Parinacochas,Ayacucho
Chumpi,Parinacochas,Ayacucho
Coronel Castañeda,Parinacochas,Ayacucho
Pacapausa,Parinacochas,Ayacucho
Pullo,Parinacochas,Ayacucho
Puyusca,Parinacochas,Ayacucho
San Francisco de Ravacayco,Parinacochas,Ayacucho
Upahuacho,Parinacochas,Ayacucho
Pausa,Paucar del Sara Sara,Ayacucho
Colta,Paucar del Sara Sara,Ayacucho
Corculla,Paucar del Sara Sara,Ayacucho
Lampa,Paucar del Sara Sara,Ayacucho
Marcabamba,Paucar del Sara Sara,Ayacucho
Oyolo,Paucar del Sara Sara,Ayacucho
Pararca,Paucar del Sara Sara,Ayacucho
San Javier de Alpabamba,Paucar del Sara Sara,Ayacucho
San Jose de Ushua,Paucar del Sara Sara,Ayacucho
Sara Sara,Paucar del Sara Sara,Ayacucho
Querobamba,Sucre,Ayacucho
Belen,Sucre,Ayacucho
Chalcos,Sucre,Ayacucho
Chilcayoc,Sucre,Ayacucho
Huacaña,Sucre,Ayacucho
Morcolla,Sucre,Ayacucho
Paico,Sucre,Ayacucho
San Pedro de Larcay,Sucre,Ayacucho
San Salvador de Quije,Sucre,Ayacucho
Santiago de Paucaray,Sucre,Ayacucho
Soras,Sucre,Ayacucho
Huancapi,Victor Fajardo,Ayacucho
Alcamenca,Victor Fajardo,Ayacucho
Apongo,Victor Fajardo,Ayacucho
Asquipata,Victor Fajardo,Ayacucho
Canaria,Victor Fajardo,Ayacucho
Cayara,Victor Fajardo,Ayacucho
Colca,Victor Fajardo,Ayacucho
Huamanquiquia,Victor Fajardo,Ayacucho
Huancaraylla,Victor Fajardo,Ayacucho
Huaya,Victor Fajardo,Ayacucho
Sarhua,Victor Fajardo,Ayacucho
Vilcanchos,Victor Fajardo,Ayacucho
Vilcas Huaman,Vilcas Huaman,Ayacucho
Accomarca,Vilcas Huaman,Ayacucho
Carhuanca,Vilcas Huaman,Ayacucho
Concepcion,Vilcas Huaman,Ayacucho
Huambalpa,Vilcas Huaman,Ayacucho
Independencia,Vilcas Huaman,Ayacucho
Saurama,Vilcas Huaman,Ayacucho
Vischongo,Vilcas Huaman,Ayacucho
Cajamarca,Cajamarca,Cajamarca
Asuncion,Cajamarca,Cajamarca
Chetilla,Cajamarca,Cajamarca
Cospan,Cajamarca,Cajamarca
Encañada,Cajamarca,Cajamarca
Jesus,Cajamarca,Cajamarca
Llacanora,Cajamarca,Cajamarca
Los Baños del Inca,Cajamarca,Cajamarca
Magdalena,Cajamarca,Cajamarca
Matara,Cajamarca,Cajamarca
Namora,Cajamarca,Cajamarca
San Juan,Cajamarca,Cajamarca
Cajabamba,Cajabamba,Cajamarca
Cachachi,Cajabamba,Cajamarca
Condebamba,Cajabamba,Cajamarca
Sitacocha,Cajabamba,Cajamarca
Celendin,Celendin,Cajamarca
Chumuch,Celendin,Cajamarca
Cortegana,Celendin,Cajamarca
Huasmin,Celendin,Cajamarca
Jorge Chavez,Celendin,Cajamarca
Jose Galvez,Celendin,Cajamarca
Miguel Iglesias,Celendin,Cajamarca
Oxamarca,Celendin,Cajamarca
Sorochuco,Celendin,Cajamarca
Sucre,Celendin,Cajamarca
Utco,Celendin,Cajamarca
La Libertad de Pallan,Celendin,Cajamarca
Chota,Chota,Cajamarca
Anguia,Chota,Cajamarca
Chadin,Chota,Cajamarca
Chiguirip,Chota,Cajamarca
Chimban,Chota,Cajamarca
Choropampa,Chota,Cajamarca
Cochabamba,Chota,Cajamarca
Conchan,Chota,Cajamarca
Huambos,Chota,Cajamarca
Lajas,Chota,Cajamarca
Llama,Chota,Cajamarca
Miracosta,Chota,Cajamarca
Paccha,Chota,Cajamarca
Pion,Chota,Cajamarca
Querocoto,Chota,Cajamarca
San Juan de Licupis,Chota,Cajamarca
Tacabamba,Chota,Cajamarca
Tocmoche,Chota,Cajamarca
Chalamarca,Chota,Cajamarca
Contumaza,Contumaza,Cajamarca
Chilete,Contumaza,Cajamarca
Cupisnique,Contumaza,Cajamarca
Guzmango,Contumaza,Cajamarca
San Benito,Contumaza,Cajamarca
Santa Cruz de Toled,Contumaza,Cajamarca
Tantarica,Contumaza,Cajamarca
Yonan,Contumaza,Cajamarca
Cutervo,Cutervo,Cajamarca
Callayuc,Cutervo,Cajamarca
Choros,Cutervo,Cajamarca
Cujillo,Cutervo,Cajamarca
La Ramada,Cutervo,Cajamarca
Pimpingos,Cutervo,Cajamarca
Querocotillo,Cutervo,Cajamarca
San Andres de Cutervo,Cutervo,Cajamarca
San Juan de Cutervo,Cutervo,Cajamarca
San Luis de Lucma,Cutervo,Cajamarca
Santa Cruz,Cutervo,Cajamarca
Santo Domingo de La Capilla,Cutervo,Cajamarca
Santo Tomas,Cutervo,Cajamarca
Socota,Cutervo,Cajamarca
Toribio Casanova,Cutervo,Cajamarca
Bambamarca,Hualgayoc,Cajamarca
Chugur,Hualgayoc,Cajamarca
Hualgayoc,Hualgayoc,Cajamarca
Jaen,Jaen,Cajamarca
Bellavista,Jaen,Cajamarca
Chontali,Jaen,Cajamarca
Colasay,Jaen,Cajamarca
Huabal,Jaen,Cajamarca
Las Pirias,Jaen,Cajamarca
Pomahuaca,Jaen,Cajamarca
Pucara,Jaen,Cajamarca
Sallique,Jaen,Cajamarca
San Felipe,Jaen,Cajamarca
San Jose del Alto,Jaen,Cajamarca
Santa Rosa,Jaen,Cajamarca
San Ignacio,San Ignacio,Cajamarca
Chirinos,San Ignacio,Cajamarca
Huarango,San Ignacio,Cajamarca
La Coipa,San Ignacio,Cajamarca
Namballe,San Ignacio,Cajamarca
San Jose de Lourdes,San Ignacio,Cajamarca
Tabaconas,San Ignacio,Cajamarca
Pedro Galvez,San Marcos,Cajamarca
Chancay,San Marcos,Cajamarca
Eduardo Villanueva,San Marcos,Cajamarca
Gregorio Pita,San Marcos,Cajamarca
Ichocan,San Marcos,Cajamarca
Jose Manuel Quiroz,San Marcos,Cajamarca
Jose Sabogal,San Marcos,Cajamarca
San Miguel,San Miguel,Cajamarca
Bolivar,San Miguel,Cajamarca
Calquis,San Miguel,Cajamarca
Catilluc,San Miguel,Cajamarca
El Prado,San Miguel,Cajamarca
La Florida,San Miguel,Cajamarca
Llapa,San Miguel,Cajamarca
Nanchoc,San Miguel,Cajamarca
Niepos,San Miguel,Cajamarca
San Gregorio,San Miguel,Cajamarca
San Silvestre de Cochan,San Miguel,Cajamarca
Tongod,San Miguel,Cajamarca
Union Agua Blanca,San Miguel,Cajamarca
San Pablo,San Pablo,Cajamarca
San Bernardino,San Pablo,Cajamarca
San Luis,San Pablo,Cajamarca
Tumbaden,San Pablo,Cajamarca
Santa Cruz,Santa Cruz,Cajamarca
Andabamba,Santa Cruz,Cajamarca
Catache,Santa Cruz,Cajamarca
Chancaybaños,Santa Cruz,Cajamarca
La Esperanza,Santa Cruz,Cajamarca
Ninabamba,Santa Cruz,Cajamarca
Pulan,Santa Cruz,Cajamarca
Saucepampa,Santa Cruz,Cajamarca
Sexi,Santa Cruz,Cajamarca
Uticyacu,Santa Cruz,Cajamarca
Yauyucan,Santa Cruz,Cajamarca
Callao,Callao,Callao
Bellavista,Callao,Callao
Carmen de La Legua,Callao,Callao
La Perla,Callao,Callao
La Punta,Callao,Callao
Ventanilla,Callao,Callao
Mi Peru,Callao,Callao
Cusco,Cusco,Cusco
Ccorca,Cusco,Cusco
Poroy,Cusco,Cusco
San Jeronimo,Cusco,Cusco
San Sebastian,Cusco,Cusco
Santiago,Cusco,Cusco
Saylla,Cusco,Cusco
Wanchaq,Cusco,Cusco
Acomayo,Acomayo,Cusco
Acopia,Acomayo,Cusco
Acos,Acomayo,Cusco
Mosoc Llacta,Acomayo,Cusco
Pomacanchi,Acomayo,Cusco
Rondocan,Acomayo,Cusco
Sangarara,Acomayo,Cusco
Anta,Anta,Cusco
Ancahuasi,Anta,Cusco
Cachimayo,Anta,Cusco
Chinchaypujio,Anta,Cusco
Huarocondo,Anta,Cusco
Limatambo,Anta,Cusco
Mollepata,Anta,Cusco
Pucyura,Anta,Cusco
Zurite,Anta,Cusco
Calca,Calca,Cusco
Coya,Calca,Cusco
Lamay,Calca,Cusco
Lares,Calca,Cusco
Pisac,Calca,Cusco
San Salvador,Calca,Cusco
Taray,Calca,Cusco
Yanatile,Calca,Cusco
Yanaoca,Canas,Cusco
Checca,Canas,Cusco
Kunturkanki,Canas,Cusco
Langui,Canas,Cusco
Layo,Canas,Cusco
Pampamarca,Canas,Cusco
Quehue,Canas,Cusco
Tupac Amaru,Canas,Cusco
Sicuani,Canchis,Cusco
Checacupe,Canchis,Cusco
Combapata,Canchis,Cusco
Marangani,Canchis,Cusco
Pitumarca,Canchis,Cusco
San Pablo,Canchis,Cusco
San Pedro,Canchis,Cusco
Tinta,Canchis,Cusco
Santo Tomas,Chumbivilcas,Cusco
Capacmarca,Chumbivilcas,Cusco
Chamaca,Chumbivilcas,Cusco
Colquemarca,Chumbivilcas,Cusco
Livitaca,Chumbivilcas,Cusco
Llusco,Chumbivilcas,Cusco
Quiñota,Chumbivilcas,Cusco
Velille,Chumbivilcas,Cusco
Espinar,Espinar,Cusco
Condoroma,Espinar,Cusco
Coporaque,Espinar,Cusco
Ocoruro,Espinar,Cusco
Pallpata,Espinar,Cusco
Pichigua,Espinar,Cusco
Suyckutambo,Espinar,Cusco
Alto Pichigua,Espinar,Cusco
Santa Ana,La Convencion,Cusco
Echarate,La Convencion,Cusco
Huayopata,La Convencion,Cusco
Maranura,La Convencion,Cusco
Ocobamba,La Convencion,Cusco
Quellouno,La Convencion,Cusco
Kimbiri,La Convencion,Cusco
Santa Teresa,La Convencion,Cusco
Vilcabamba,La Convencion,Cusco
Pichari,La Convencion,Cusco
Inkawasi,La Convencion,Cusco
Villa Virgen,La Convencion,Cusco
Villa Kintiarina,La Convencion,Cusco
Megantoni,La Convencion,Cusco
Paruro,Paruro,Cusco
Accha,Paruro,Cusco
Ccapi,Paruro,Cusco
Colcha,Paruro,Cusco
Huanoquite,Paruro,Cusco
Omacha,Paruro,Cusco
Paccaritambo,Paruro,Cusco
Pillpinto,Paruro,Cusco
Yaurisque,Paruro,Cusco
Paucartambo,Paucartambo,Cusco
Caicay,Paucartambo,Cusco
Challabamba,Paucartambo,Cusco
Colquepata,Paucartambo,Cusco
Huancarani,Paucartambo,Cusco
Kosñipata,Paucartambo,Cusco
Urcos,Quispicanchi,Cusco
Andahuaylillas,Quispicanchi,Cusco
Camanti,Quispicanchi,Cusco
Ccarhuayo,Quispicanchi,Cusco
Ccatca,Quispicanchi,Cusco
Cusipata,Quispicanchi,Cusco
Huaro,Quispicanchi,Cusco
Lucre,Quispicanchi,Cusco
Marcapata,Quispicanchi,Cusco
Ocongate,Quispicanchi,Cusco
Oropesa,Quispicanchi,Cusco
Quiquijana,Quispicanchi,Cusco
Urubamba,Urubamba,Cusco
Chinchero,Urubamba,Cusco
Huayllabamba,Urubamba,Cusco
Machupicchu,Urubamba,Cusco
Maras,Urubamba,Cusco
Ollantaytambo,Urubamba,Cusco
Yucay,Urubamba,Cusco
Huancavelica,Huancavelica,Huancavelica
Acobambilla,Huancavelica,Huancavelica
Acoria,Huancavelica,Huancavelica
Conayca,Huancavelica,Huancavelica
Cuenca,Huancavelica,Huancavelica
Huachocolpa,Huancavelica,Huancavelica
Huayllahuara,Huancavelica,Huancavelica
Izcuchaca,Huancavelica,Huancavelica
Laria,Huancavelica,Huancavelica
Manta,Huancavelica,Huancavelica
Mariscal Caceres,Huancavelica,Huancavelica
Moya,Huancavelica,Huancavelica
Nuevo Occoro,Huancavelica,Huancavelica
Palca,Huancavelica,Huancavelica
Pilchaca,Huancavelica,Huancavelica
Vilca,Huancavelica,Huancavelica
Yauli,Huancavelica,Huancavelica
Ascension,Huancavelica,Huancavelica
Huando,Huancavelica,Huancavelica
Acobamba,Acobamba,Huancavelica
Andabamba,Acobamba,Huancavelica
Anta,Acobamba,Huancavelica
Caja,Acobamba,Huancavelica
Marcas,Acobamba,Huancavelica
Paucara,Acobamba,Huancavelica
Pomacocha,Acobamba,Huancavelica
Rosario,Acobamba,Huancavelica
Lircay,Angaraes,Huancavelica
Anchonga,Angaraes,Huancavelica
Callanmarca,Angaraes,Huancavelica
Ccochaccasa,Angaraes,Huancavelica
Chincho,Angaraes,Huancavelica
Congalla,Angaraes,Huancavelica
Huanca-Huanca,Angaraes,Huancavelica
Huayllay Grande,Angaraes,Huancavelica
Julcamarca,Angaraes,Huancavelica
San Antonio de Antaparco,Angaraes,Huancavelica
Santo Tomas de Pata,Angaraes,Huancavelica
Secclla,Angaraes,Huancavelica
Castrovirreyna,Castrovirreyna,Huancavelica
Arma,Castrovirreyna,Huancavelica
Aurahua,Castrovirreyna,Huancavelica
Capillas,Castrovirreyna,Huancavelica
Chupamarca,Castrovirreyna,Huancavelica
Cocas,Castrovirreyna,Huancavelica
Huachos,Castrovirreyna,Huancavelica
Huamatambo,Castrovirreyna,Huancavelica
Mollepampa,Castrovirreyna,Huancavelica
San Juan,Castrovirreyna,Huancavelica
Santa Ana,Castrovirreyna,Huancavelica
Tantara,Castrovirreyna,Huancavelica
Ticrapo,Castrovirreyna,Huancavelica
Churcampa,Churcampa,Huancavelica
Anco,Churcampa,Huancavelica
Chinchihuasi,Churcampa,Huancavelica
El Carmen,Churcampa,Huancavelica
La Merced,Churcampa,Huancavelica
Locroja,Churcampa,Huancavelica
Paucarbamba,Churcampa,Huancavelica
San Miguel de Mayocc,Churcampa,Huancavelica
San Pedro de Coris,Churcampa,Huancavelica
Pachamarca,Churcampa,Huancavelica
Cosme,Churcampa,Huancavelica
Huaytara,Huaytara,Huancavelica
Ayavi,Huaytara,Huancavelica
Cordova,Huaytara,Huancavelica
Huayacundo Arma,Huaytara,Huancavelica
Laramarca,Huaytara,Huancavelica
Ocoyo,Huaytara,Huancavelica
Pilpichaca,Huaytara,Huancavelica
Querco,Huaytara,Huancavelica
Quito-Arma,Huaytara,Huancavelica
San Antonio de Cusicancha,Huaytara,Huancavelica
San Francisco de Sangayaico,Huaytara,Huancavelica
San Isidro,Huaytara,Huancavelica
Santiago de Chocorvos,Huaytara,Huancavelica
Santiago de Quirahuara,Huaytara,Huancavelica
Santo Domingo de Capillas,Huaytara,Huancavelica
Tambo,Huaytara,Huancavelica
Pampas,Tayacaja,Huancavelica
Acostambo,Tayacaja,Huancavelica
Acraquia,Tayacaja,Huancavelica
Ahuaycha,Tayacaja,Huancavelica
Colcabamba,Tayacaja,Huancavelica
Daniel Hernandez,Tayacaja,Huancavelica
Huachocolpa,Tayacaja,Huancavelica
Huaribamba,Tayacaja,Huancavelica
Ñahuimpuquio,Tayacaja,Huancavelica
Pazos,Tayacaja,Huancavelica
Quishuar,Tayacaja,Huancavelica
Salcabamba,Tayacaja,Huancavelica
Salcahuasi,Tayacaja,Huancavelica
San Marcos de Rocchac,Tayacaja,Huancavelica
Surcubamba,Tayacaja,Huancavelica
Tintay Puncu,Tayacaja,Huancavelica
Quichuas,Tayacaja,Huancavelica
Andaymarca,Tayacaja,Huancavelica
Roble,Tayacaja,Huancavelica
Pichos,Tayacaja,Huancavelica
Santiago de Túcuma,Tayacaja,Huancavelica
Huanuco,Huanuco,Huanuco
Amarilis,Huanuco,Huanuco
Chinchao,Huanuco,Huanuco
Churubamba,Huanuco,Huanuco
Margos,Huanuco,Huanuco
Quisqui,Huanuco,Huanuco
San Francisco de Cayran,Huanuco,Huanuco
San Pedro de Chaulan,Huanuco,Huanuco
Santa Maria del Valle,Huanuco,Huanuco
Yarumayo,Huanuco,Huanuco
Pillco Marca,Huanuco,Huanuco
Yacus,Huanuco,Huanuco
San Pablo de Pillao,Huanuco,Huanuco
Ambo,Ambo,Huanuco
Cayna,Ambo,Huanuco
Colpas,Ambo,Huanuco
Conchamarca,Ambo,Huanuco
Huacar,Ambo,Huanuco
San Francisco,Ambo,Huanuco
San Rafael,Ambo,Huanuco
Tomay Kichwa,Ambo,Huanuco
La Union,Dos de Mayo,Huanuco
Chuquis,Dos de Mayo,Huanuco
Marias,Dos de Mayo,Huanuco
Pachas,Dos de Mayo,Huanuco
Quivilla,Dos de Mayo,Huanuco
Ripan,Dos de Mayo,Huanuco
Shunqui,Dos de Mayo,Huanuco
Sillapata,Dos de Mayo,Huanuco
Yanas,Dos de Mayo,Huanuco
Huacaybamba,Huacaybamba,Huanuco
Canchabamba,Huacaybamba,Huanuco
Cochabamba,Huacaybamba,Huanuco
Pinra,Huacaybamba,Huanuco
Llata,Huamalies,Huanuco
Arancay,Huamalies,Huanuco
Chavin de Pariarca,Huamalies,Huanuco
Jacas Grande,Huamalies,Huanuco
Jircan,Huamalies,Huanuco
Miraflores,Huamalies,Huanuco
Monzon,Huamalies,Huanuco
Punchao,Huamalies,Huanuco
Puños,Huamalies,Huanuco
Singa,Huamalies,Huanuco
Tantamayo,Huamalies,Huanuco
Rupa-Rupa,Leoncio Prado,Huanuco
Daniel Alomias Robles,Leoncio Prado,Huanuco
Hermilio Valdizan,Leoncio Prado,Huanuco
Jose Crespo y Castillo,Leoncio Prado,Huanuco
Luyando,Leoncio Prado,Huanuco
Mariano Damaso Beraun,Leoncio Prado,Huanuco
Pucayacu,Leoncio Prado,Huanuco
Castillo Grande,Leoncio Prado,Huanuco
Pueblo Nuevo,Leoncio Prado,Huanuco
Santo Domingo de Anda,Leoncio Prado,Huanuco
Huacrachuco,Marañon,Huanuco
Cholon,Marañon,Huanuco
San Buenaventura,Marañon,Huanuco
La Morada,Marañon,Huanuco
Santa Rosa de Alto Yanajanca,Marañon,Huanuco
Panao,Pachitea,Huanuco
Chaglla,Pachitea,Huanuco
Molino,Pachitea,Huanuco
Umari,Pachitea,Huanuco
Puerto Inca,Puerto Inca,Huanuco
Codo del Pozuzo,Puerto Inca,Huanuco
Honoria,Puerto Inca,Huanuco
Tournavista,Puerto Inca,Huanuco
Yuyapichis,Puerto Inca,Huanuco
Jesus,Lauricocha,Huanuco
Baños,Lauricocha,Huanuco
Jivia,Lauricocha,Huanuco
Queropalca,Lauricocha,Huanuco
Rondos,Lauricocha,Huanuco
San Francisco de Asis,Lauricocha,Huanuco
San Miguel de Cauri,Lauricocha,Huanuco
Chavinillo,Yarowilca,Huanuco
Cahuac,Yarowilca,Huanuco
Chacabamba,Yarowilca,Huanuco
Aparicio Pomares,Yarowilca,Huanuco
Jacas Chico,Yarowilca,Huanuco
Obas,Yarowilca,Huanuco
Pampamarca,Yarowilca,Huanuco
Choras,Yarowilca,Huanuco
Ica,Ica,Ica
La Tinguiña,Ica,Ica
Los Aquijes,Ica,Ica
Ocucaje,Ica,Ica
Pachacutec,Ica,Ica
Parcona,Ica,Ica
Pueblo Nuevo,Ica,Ica
Salas,Ica,Ica
San Jose de los Molinos,Ica,Ica
San Juan Bautista,Ica,Ica
Santiago,Ica,Ica
Subtanjalla,Ica,Ica
Tate,Ica,Ica
Yauca del Rosario,Ica,Ica
Chincha Alta,Chincha,Ica
Alto Laran,Chincha,Ica
Chavin,Chincha,Ica
Chincha Baja,Chincha,Ica
El Carmen,Chincha,Ica
Grocio Prado,Chincha,Ica
Pueblo Nuevo,Chincha,Ica
San Juan de Yanac,Chincha,Ica
San Pedro de Huacarpana,Chincha,Ica
Sunampe,Chincha,Ica
Tambo de Mora,Chincha,Ica
Nazca,Nazca,Ica
Changuillo,Nazca,Ica
El Ingenio,Nazca,Ica
Marcona,Nazca,Ica
Vista Alegre,Nazca,Ica
Palpa,Palpa,Ica
Llipata,Palpa,Ica
Rio Grande,Palpa,Ica
Santa Cruz,Palpa,Ica
Tibillo,Palpa,Ica
Pisco,Pisco,Ica
Huancano,Pisco,Ica
Humay,Pisco,Ica
Independencia,Pisco,Ica
Paracas,Pisco,Ica
San Andres,Pisco,Ica
San Clemente,Pisco,Ica
Tupac Amaru Inca,Pisco,Ica
Huancayo,Huancayo,Junin
Carhuacallanga,Huancayo,Junin
Chacapampa,Huancayo,Junin
Chicche,Huancayo,Junin
Chilca,Huancayo,Junin
Chongos Alto,Huancayo,Junin
Chupuro,Huancayo,Junin
Colca,Huancayo,Junin
Cullhuas,Huancayo,Junin
El Tambo,Huancayo,Junin
Huacrapuquio,Huancayo,Junin
Hualhuas,Huancayo,Junin
Huancan,Huancayo,Junin
Huasicancha,Huancayo,Junin
Huayucachi,Huancayo,Junin
Ingenio,Huancayo,Junin
Pariahuanca,Huancayo,Junin
Pilcomayo,Huancayo,Junin
Pucara,Huancayo,Junin
Quichuay,Huancayo,Junin
Quilcas,Huancayo,Junin
San Agustin,Huancayo,Junin
San Jeronimo de Tunan,Huancayo,Junin
Saño,Huancayo,Junin
Sapallanga,Huancayo,Junin
Sicaya,Huancayo,Junin
Santo Domingo de Acobamba,Huancayo,Junin
Viques,Huancayo,Junin
Concepcion,Concepcion,Junin
Aco,Concepcion,Junin
Andamarca,Concepcion,Junin
Chambara,Concepcion,Junin
Cochas,Concepcion,Junin
Comas,Concepcion,Junin
Heroinas Toledo,Concepcion,Junin
Manzanares,Concepcion,Junin
Mariscal Castilla,Concepcion,Junin
Matahuasi,Concepcion,Junin
Mito,Concepcion,Junin
Nueve de Julio,Concepcion,Junin
Orcotuna,Concepcion,Junin
San Jose de Quero,Concepcion,Junin
Santa Rosa de Ocopa,Concepcion,Junin
Chanchamayo,Chanchamayo,Junin
Perene,Chanchamayo,Junin
Pichanaqui,Chanchamayo,Junin
San Luis de Shuaro,Chanchamayo,Junin
San Ramon,Chanchamayo,Junin
Vitoc,Chanchamayo,Junin
Jauja,Jauja,Junin
Acolla,Jauja,Junin
Apata,Jauja,Junin
Ataura,Jauja,Junin
Canchayllo,Jauja,Junin
Curicaca,Jauja,Junin
El Mantaro,Jauja,Junin
Huamali,Jauja,Junin
Huaripampa,Jauja,Junin
Huertas,Jauja,Junin
Janjaillo,Jauja,Junin
Julcan,Jauja,Junin
Leonor Ordoñez,Jauja,Junin
Llocllapampa,Jauja,Junin
Marco,Jauja,Junin
Masma,Jauja,Junin
Masma Chicche,Jauja,Junin
Molinos,Jauja,Junin
Monobamba,Jauja,Junin
Muqui,Jauja,Junin
Muquiyauyo,Jauja,Junin
Paca,Jauja,Junin
Paccha,Jauja,Junin
Pancan,Jauja,Junin
Parco,Jauja,Junin
Pomacancha,Jauja,Junin
Ricran,Jauja,Junin
San Lorenzo,Jauja,Junin
San Pedro de Chunan,Jauja,Junin
Sausa,Jauja,Junin
Sincos,Jauja,Junin
Tunan Marca,Jauja,Junin
Yauli,Jauja,Junin
Yauyos,Jauja,Junin
Junin,Junin,Junin
Carhuamayo,Junin,Junin
Ondores,Junin,Junin
Ulcumayo,Junin,Junin
Satipo,Satipo,Junin
Coviriali,Satipo,Junin
Llaylla,Satipo,Junin
Mazamari,Satipo,Junin
Pampa Hermosa,Satipo,Junin
Pangoa,Satipo,Junin
Rio Negro,Satipo,Junin
Rio Tambo,Satipo,Junin
Vizcatán del Ene,Satipo,Junin
Tarma,Tarma,Junin
Acobamba,Tarma,Junin
Huaricolca,Tarma,Junin
Huasahuasi,Tarma,Junin
La Union,Tarma,Junin
Palca,Tarma,Junin
Palcamayo,Tarma,Junin
San Pedro de Cajas,Tarma,Junin
Tapo,Tarma,Junin
La Oroya,Yauli,Junin
Chacapalpa,Yauli,Junin
Huay-Huay,Yauli,Junin
Marcapomacocha,Yauli,Junin
Morococha,Yauli,Junin
Paccha,Yauli,Junin
Santa Barbara de Carhuacayan,Yauli,Junin
Santa Rosa de Sacco,Yauli,Junin
Suitucancha,Yauli,Junin
Yauli,Yauli,Junin
Chupaca,Chupaca,Junin
Ahuac,Chupaca,Junin
Chongos Bajo,Chupaca,Junin
Huachac,Chupaca,Junin
Huamancaca Chico,Chupaca,Junin
San Juan de Yscos,Chupaca,Junin
San Juan de Jarpa,Chupaca,Junin
Tres de Diciembre,Chupaca,Junin
Yanacancha,Chupaca,Junin
Trujillo,Trujillo,La Libertad
El Porvenir,Trujillo,La Libertad
Florencia de Mora,Trujillo,La Libertad
Huanchaco,Trujillo,La Libertad
La Esperanza,Trujillo,La Libertad
Laredo,Trujillo,La Libertad
Moche,Trujillo,La Libertad
Poroto,Trujillo,La Libertad
Salaverry,Trujillo,La Libertad
Simbal,Trujillo,La Libertad
Victor Larco Herrera,Trujillo,La Libertad
Ascope,Ascope,La Libertad
Chicama,Ascope,La Libertad
Chocope,Ascope,La Libertad
Magdalena de Cao,Ascope,La Libertad
Paijan,Ascope,La Libertad
Razuri,Ascope,La Libertad
Santiago de Cao,Ascope,La Libertad
Casa Grande,Ascope,La Libertad
Bolivar,Bolivar,La Libertad
Bambamarca,Bolivar,La Libertad
Condormarca,Bolivar,La Libertad
Longotea,Bolivar,La Libertad
Uchumarca,Bolivar,La Libertad
Ucuncha,Bolivar,La Libertad
Chepen,Chepen,La Libertad
Pacanga,Chepen,La Libertad
Pueblo Nuevo,Chepen,La Libertad
Julcan,Julcan,La Libertad
Calamarca,Julcan,La Libertad
Carabamba,Julcan,La Libertad
Huaso,Julcan,La Libertad
Otuzco,Otuzco,La Libertad
Agallpampa,Otuzco,La Libertad
Charat,Otuzco,La Libertad
Huaranchal,Otuzco,La Libertad
La Cuesta,Otuzco,La Libertad
Mache,Otuzco,La Libertad
Paranday,Otuzco,La Libertad
Salpo,Otuzco,La Libertad
Sinsicap,Otuzco,La Libertad
Usquil,Otuzco,La Libertad
San Pedro de Lloc,Pacasmayo,La Libertad
Guadalupe,Pacasmayo,La Libertad
Jequetepeque,Pacasmayo,La Libertad
Pacasmayo,Pacasmayo,La Libertad
San Jose,Pacasmayo,La Libertad
Tayabamba,Pataz,La Libertad
Buldibuyo,Pataz,La Libertad
Chillia,Pataz,La Libertad
Huancaspata,Pataz,La Libertad
Huaylillas,Pataz,La Libertad
Huayo,Pataz,La Libertad
Ongon,Pataz,La Libertad
Parcoy,Pataz,La Libertad
Pataz,Pataz,La Libertad
Pias,Pataz,La Libertad
Santiago de Challas,Pataz,La Libertad
Taurija,Pataz,La Libertad
Urpay,Pataz,La Libertad
Huamachuco,Sanchez Carrion,La Libertad
Chugay,Sanchez Carrion,La Libertad
Cochorco,Sanchez Carrion,La Libertad
Curgos,Sanchez Carrion,La Libertad
Marcabal,Sanchez Carrion,La Libertad
Sanagoran,Sanchez Carrion,La Libertad
Sarin,Sanchez Carrion,La Libertad
Sartimbamba,Sanchez Carrion,La Libertad
Santiago de Chuco,Santiago de Chuco,La Libertad
Angasmarca,Santiago de Chuco,La Libertad
Cachicadan,Santiago de Chuco,La Libertad
Mollebamba,Santiago de Chuco,La Libertad
Mollepata,Santiago de Chuco,La Libertad
Quiruvilca,Santiago de Chuco,La Libertad
Santa Cruz de Chuca,Santiago de Chuco,La Libertad
Sitabamba,Santiago de Chuco,La Libertad
Cascas,Gran Chimu,La Libertad
Lucma,Gran Chimu,La Libertad
Compin,Gran Chimu,La Libertad
Sayapullo,Gran Chimu,La Libertad
Viru,Viru,La Libertad
Chao,Viru,La Libertad
Guadalupito,Viru,La Libertad
Chiclayo,Chiclayo,Lambayeque
Chongoyape,Chiclayo,Lambayeque
Eten,Chiclayo,Lambayeque
Eten Puerto,Chiclayo,Lambayeque
Jose Leonardo Ortiz,Chiclayo,Lambayeque
La Victoria,Chiclayo,Lambayeque
Lagunas,Chiclayo,Lambayeque
Monsefu,Chiclayo,Lambayeque
Nueva Arica,Chiclayo,Lambayeque
Oyotun,Chiclayo,Lambayeque
Picsi,Chiclayo,Lambayeque
Pimentel,Chiclayo,Lambayeque
Reque,Chiclayo,Lambayeque
Santa Rosa,Chiclayo,Lambayeque
Saña,Chiclayo,Lambayeque
Cayalti,Chiclayo,Lambayeque
Patapo,Chiclayo,Lambayeque
Pomalca,Chiclayo,Lambayeque
Pucala,Chiclayo,Lambayeque
Tuman,Chiclayo,Lambayeque
Ferreñafe,Ferreñafe,Lambayeque
Cañaris,Ferreñafe,Lambayeque
Incahuasi,Ferreñafe,Lambayeque
Manuel Antonio Mesones Muro,Ferreñafe,Lambayeque
Pitipo,Ferreñafe,Lambayeque
Pueblo Nuevo,Ferreñafe,Lambayeque
Lambayeque,Lambayeque,Lambayeque
Chochope,Lambayeque,Lambayeque
Illimo,Lambayeque,Lambayeque
Jayanca,Lambayeque,Lambayeque
Mochumi,Lambayeque,Lambayeque
Morrope,Lambayeque,Lambayeque
Motupe,Lambayeque,Lambayeque
Olmos,Lambayeque,Lambayeque
Pacora,Lambayeque,Lambayeque
Salas,Lambayeque,Lambayeque
San Jose,Lambayeque,Lambayeque
Tucume,Lambayeque,Lambayeque
Lima,Lima,Lima
Ancon,Lima,Lima
Ate,Lima,Lima
Barranco,Lima,Lima
Breña,Lima,Lima
Carabayllo,Lima,Lima
Chaclacayo,Lima,Lima
Chorrillos,Lima,Lima
Cieneguilla,Lima,Lima
Comas,Lima,Lima
El Agustino,Lima,Lima
Independencia,Lima,Lima
Jesus Maria,Lima,Lima
La Molina,Lima,Lima
La Victoria,Lima,Lima
Lince,Lima,Lima
Los Olivos,Lima,Lima
Lurigancho,Lima,Lima
Lurin,Lima,Lima
Magdalena del Mar,Lima,Lima
Pueblo Libre,Lima,Lima
Miraflores,Lima,Lima
Pachacamac,Lima,Lima
Pucusana,Lima,Lima
Puente Piedra,Lima,Lima
Punta Hermosa,Lima,Lima
Punta Negra,Lima,Lima
Rimac,Lima,Lima
San Bartolo,Lima,Lima
San Borja,Lima,Lima
San Isidro,Lima,Lima
San Juan de Lurigancho,Lima,Lima
San Juan de Miraflores,Lima,Lima
San Luis,Lima,Lima
San Martin de Porres,Lima,Lima
San Miguel,Lima,Lima
Santa Anita,Lima,Lima
Santa Maria del Mar,Lima,Lima
Santa Rosa,Lima,Lima
Santiago de Surco,Lima,Lima
Surquillo,Lima,Lima
Villa El Salvador,Lima,Lima
Villa Maria del Triunfo,Lima,Lima
Barranca,Barranca,Lima
Paramonga,Barranca,Lima
Pativilca,Barranca,Lima
Supe,Barranca,Lima
Supe Puerto,Barranca,Lima
Cajatambo,Cajatambo,Lima
Copa,Cajatambo,Lima
Gorgor,Cajatambo,Lima
Huancapon,Cajatambo,Lima
Manas,Cajatambo,Lima
Canta,Canta,Lima
Arahuay,Canta,Lima
Huamantanga,Canta,Lima
Huaros,Canta,Lima
Lachaqui,Canta,Lima
San Buenaventura,Canta,Lima
Santa Rosa de Quives,Canta,Lima
San Vicente de Cañete,Cañete,Lima
Asia,Cañete,Lima
Calango,Cañete,Lima
Cerro Azul,Cañete,Lima
Chilca,Cañete,Lima
Coayllo,Cañete,Lima
Imperial,Cañete,Lima
Lunahuana,Cañete,Lima
Mala,Cañete,Lima
Nuevo Imperial,Cañete,Lima
Pacaran,Cañete,Lima
Quilmana,Cañete,Lima
San Antonio,Cañete,Lima
San Luis,Cañete,Lima
Santa Cruz de Flores,Cañete,Lima
Zuñiga,Cañete,Lima
Huaral,Huaral,Lima
Atavillos Alto,Huaral,Lima
Atavillos Bajo,Huaral,Lima
Aucallama,Huaral,Lima
Chancay,Huaral,Lima
Ihuari,Huaral,Lima
Lampian,Huaral,Lima
Pacaraos,Huaral,Lima
San Miguel de Acos,Huaral,Lima
Santa Cruz de Andamarca,Huaral,Lima
Sumbilca,Huaral,Lima
Veintisiete de Noviembre,Huaral,Lima
Matucana,Huarochiri,Lima
Antioquia,Huarochiri,Lima
Callahuanca,Huarochiri,Lima
Carampoma,Huarochiri,Lima
Chicla,Huarochiri,Lima
Cuenca,Huarochiri,Lima
Huachupampa,Huarochiri,Lima
Huanza,Huarochiri,Lima
Huarochiri,Huarochiri,Lima
Lahuaytambo,Huarochiri,Lima
Langa,Huarochiri,Lima
Laraos,Huarochiri,Lima
Mariatana,Huarochiri,Lima
Ricardo Palma,Huarochiri,Lima
San Andres de Tupicocha,Huarochiri,Lima
San Antonio,Huarochiri,Lima
San Bartolome,Huarochiri,Lima
San Damian,Huarochiri,Lima
San Juan de Iris,Huarochiri,Lima
San Juan de Tantaranche,Huarochiri,Lima
San Lorenzo de Quinti,Huarochiri,Lima
San Mateo,Huarochiri,Lima
San Mateo de Otao,Huarochiri,Lima
San Pedro de Casta,Huarochiri,Lima
San Pedro de Huancayre,Huarochiri,Lima
Sangallaya,Huarochiri,Lima
Santa Cruz de Cocachacra,Huarochiri,Lima
Santa Eulalia,Huarochiri,Lima
Santiago de Anchucaya,Huarochiri,Lima
Santiago de Tuna,Huarochiri,Lima
Santo Domingo de los Olleros,Huarochiri,Lima
Surco,Huarochiri,Lima
Huacho,Huaura,Lima
Ambar,Huaura,Lima
Caleta de Carquin,Huaura,Lima
Checras,Huaura,Lima
Hualmay,Huaura,Lima
Huaura,Huaura,Lima
Leoncio Prado,Huaura,Lima
Paccho,Huaura,Lima
Santa Leonor,Huaura,Lima
Santa Maria,Huaura,Lima
Sayan,Huaura,Lima
Vegueta,Huaura,Lima
Oyon,Oyon,Lima
Andajes,Oyon,Lima
Caujul,Oyon,Lima
Cochamarca,Oyon,Lima
Navan,Oyon,Lima
Pachangara,Oyon,Lima
Yauyos,Yauyos,Lima
Alis,Yauyos,Lima
Ayauca,Yauyos,Lima
Ayaviri,Yauyos,Lima
Azangaro,Yauyos,Lima
Cacra,Yauyos,Lima
Carania,Yauyos,Lima
Catahuasi,Yauyos,Lima
Chocos,Yauyos,Lima
Cochas,Yauyos,Lima
Colonia,Yauyos,Lima
Hongos,Yauyos,Lima
Huampara,Yauyos,Lima
Huancaya,Yauyos,Lima
Huangascar,Yauyos,Lima
Huantan,Yauyos,Lima
Huañec,Yauyos,Lima
Laraos,Yauyos,Lima
Lincha,Yauyos,Lima
Madean,Yauyos,Lima
Miraflores,Yauyos,Lima
Omas,Yauyos,Lima
Putinza,Yauyos,Lima
Quinches,Yauyos,Lima
Quinocay,Yauyos,Lima
San Joaquin,Yauyos,Lima
San Pedro de Pilas,Yauyos,Lima
Tanta,Yauyos,Lima
Tauripampa,Yauyos,Lima
Tomas,Yauyos,Lima
Tupe,Yauyos,Lima
Viñac,Yauyos,Lima
Vitis,Yauyos,Lima
Iquitos,Maynas,Loreto
Alto Nanay,Maynas,Loreto
Fernando Lores,Maynas,Loreto
Indiana,Maynas,Loreto
Las Amazonas,Maynas,Loreto
Mazan,Maynas,Loreto
Napo,Maynas,Loreto
Punchana,Maynas,Loreto
Torres Causana,Maynas,Loreto
Belen,Maynas,Loreto
San Juan Bautista,Maynas,Loreto
Yurimaguas,Alto Amazonas,Loreto
Balsapuerto,Alto Amazonas,Loreto
Jeberos,Alto Amazonas,Loreto
Lagunas,Alto Amazonas,Loreto
Santa Cruz,Alto Amazonas,Loreto
Teniente Cesar Lopez Rojas,Alto Amazonas,Loreto
Nauta,Loreto,Loreto
Parinari,Loreto,Loreto
Tigre,Loreto,Loreto
Trompeteros,Loreto,Loreto
Urarinas,Loreto,Loreto
Ramon Castilla,Mariscal Ramon Castilla,Loreto
Pebas,Mariscal Ramon Castilla,Loreto
Yavari,Mariscal Ramon Castilla,Loreto
San Pablo,Mariscal Ramon Castilla,Loreto
Requena,Requena,Loreto
Alto Tapiche,Requena,Loreto
Capelo,Requena,Loreto
Emilio San Martin,Requena,Loreto
Maquia,Requena,Loreto
Puinahua,Requena,Loreto
Saquena,Requena,Loreto
Soplin,Requena,Loreto
Tapiche,Requena,Loreto
Jenaro Herrera,Requena,Loreto
Yaquerana,Requena,Loreto
Contamana,Ucayali,Loreto
Inahuaya,Ucayali,Loreto
Padre Marquez,Ucayali,Loreto
Pampa Hermosa,Ucayali,Loreto
Sarayacu,Ucayali,Loreto
Vargas Guerra,Ucayali,Loreto
Barranca,Datem del Marañon,Loreto
Cahuapanas,Datem del Marañon,Loreto
Manseriche,Datem del Marañon,Loreto
Morona,Datem del Marañon,Loreto
Pastaza,Datem del Marañon,Loreto
Andoas,Datem del Marañon,Loreto
Putumayo,Maynas,Loreto
Rosa Panduro,Maynas,Loreto
Teniente Manuel Clavero,Maynas,Loreto
Yaguas,Maynas,Loreto
Tambopata,Tambopata,Madre de Dios
Inambari,Tambopata,Madre de Dios
Las Piedras,Tambopata,Madre de Dios
Laberinto,Tambopata,Madre de Dios
Manu,Manu,Madre de Dios
Fitzcarrald,Manu,Madre de Dios
Madre de Dios,Manu,Madre de Dios
Huepetuhe,Manu,Madre de Dios
Iñapari,Tahuamanu,Madre de Dios
Iberia,Tahuamanu,Madre de Dios
Tahuamanu,Tahuamanu,Madre de Dios
Moquegua,Mariscal Nieto,Moquegua
Carumas,Mariscal Nieto,Moquegua
Cuchumbaya,Mariscal Nieto,Moquegua
Samegua,Mariscal Nieto,Moquegua
San Cristobal,Mariscal Nieto,Moquegua
Torata,Mariscal Nieto,Moquegua
Omate,General Sanchez Cerr,Moquegua
Chojata,General Sanchez Cerr,Moquegua
Coalaque,General Sanchez Cerr,Moquegua
Ichuña,General Sanchez Cerr,Moquegua
La Capilla,General Sanchez Cerr,Moquegua
Lloque,General Sanchez Cerr,Moquegua
Matalaque,General Sanchez Cerr,Moquegua
Puquina,General Sanchez Cerr,Moquegua
Quinistaquillas,General Sanchez Cerr,Moquegua
Ubinas,General Sanchez Cerr,Moquegua
Yunga,General Sanchez Cerr,Moquegua
Ilo,Ilo,Moquegua
El Algarrobal,Ilo,Moquegua
Pacocha,Ilo,Moquegua
Chaupimarca,Pasco,Pasco
Huachon,Pasco,Pasco
Huariaca,Pasco,Pasco
Huayllay,Pasco,Pasco
Ninacaca,Pasco,Pasco
Pallanchacra,Pasco,Pasco
Paucartambo,Pasco,Pasco
San Francisco de Asis de Yarusyacan,Pasco,Pasco
Simon Bolivar,Pasco,Pasco
Ticlacayan,Pasco,Pasco
Tinyahuarco,Pasco,Pasco
Vicco,Pasco,Pasco
Yanacancha,Pasco,Pasco
Yanahuanca,Daniel Alcides Carri,Pasco
Chacayan,Daniel Alcides Carri,Pasco
Goyllarisquizga,Daniel Alcides Carri,Pasco
Paucar,Daniel Alcides Carri,Pasco
San Pedro de Pillao,Daniel Alcides Carri,Pasco
Santa Ana de Tusi,Daniel Alcides Carri,Pasco
Tapuc,Daniel Alcides Carri,Pasco
Vilcabamba,Daniel Alcides Carri,Pasco
Oxapampa,Oxapampa,Pasco
Chontabamba,Oxapampa,Pasco
Huancabamba,Oxapampa,Pasco
Palcazu,Oxapampa,Pasco
Pozuzo,Oxapampa,Pasco
Puerto Bermudez,Oxapampa,Pasco
Villa Rica,Oxapampa,Pasco
Constitución,Oxapampa,Pasco
Piura,Piura,Piura
Castilla,Piura,Piura
Catacaos,Piura,Piura
Cura Mori,Piura,Piura
El Tallan,Piura,Piura
La Arena,Piura,Piura
La Union,Piura,Piura
Las Lomas,Piura,Piura
Tambo Grande,Piura,Piura
26 de Octubre,Piura,Piura
Ayabaca,Ayabaca,Piura
Frias,Ayabaca,Piura
Jilili,Ayabaca,Piura
Lagunas,Ayabaca,Piura
Montero,Ayabaca,Piura
Pacaipampa,Ayabaca,Piura
Paimas,Ayabaca,Piura
Sapillica,Ayabaca,Piura
Sicchez,Ayabaca,Piura
Suyo,Ayabaca,Piura
Huancabamba,Huancabamba,Piura
Canchaque,Huancabamba,Piura
El Carmen de La Frontera,Huancabamba,Piura
Huarmaca,Huancabamba,Piura
Lalaquiz,Huancabamba,Piura
San Miguel de El Faique,Huancabamba,Piura
Sondor,Huancabamba,Piura
Sondorillo,Huancabamba,Piura
Chulucanas,Morropon,Piura
Buenos Aires,Morropon,Piura
Chalaco,Morropon,Piura
La Matanza,Morropon,Piura
Morropon,Morropon,Piura
Salitral,Morropon,Piura
San Juan de Bigote,Morropon,Piura
Santa Catalina de Mossa,Morropon,Piura
Santo Domingo,Morropon,Piura
Yamango,Morropon,Piura
Paita,Paita,Piura
Amotape,Paita,Piura
Arenal,Paita,Piura
Colan,Paita,Piura
La Huaca,Paita,Piura
Tamarindo,Paita,Piura
Vichayal,Paita,Piura
Sullana,Sullana,Piura
Bellavista,Sullana,Piura
Ignacio Escudero,Sullana,Piura
Lancones,Sullana,Piura
Marcavelica,Sullana,Piura
Miguel Checa,Sullana,Piura
Querecotillo,Sullana,Piura
Salitral,Sullana,Piura
Pariñas,Talara,Piura
El Alto,Talara,Piura
La Brea,Talara,Piura
Lobitos,Talara,Piura
Los Organos,Talara,Piura
Mancora,Talara,Piura
Sechura,Sechura,Piura
Bellavista de La Union,Sechura,Piura
Bernal,Sechura,Piura
Cristo Nos Valga,Sechura,Piura
Vice,Sechura,Piura
Rinconada Llicuar,Sechura,Piura
Puno,Puno,Puno
Acora,Puno,Puno
Amantani,Puno,Puno
Atuncolla,Puno,Puno
Capachica,Puno,Puno
Chucuito,Puno,Puno
Coata,Puno,Puno
Huata,Puno,Puno
Mañazo,Puno,Puno
Paucarcolla,Puno,Puno
Pichacani,Puno,Puno
Plateria,Puno,Puno
San Antonio,Puno,Puno
Tiquillaca,Puno,Puno
Vilque,Puno,Puno
Azangaro,Azangaro,Puno
Achaya,Azangaro,Puno
Arapa,Azangaro,Puno
Asillo,Azangaro,Puno
Caminaca,Azangaro,Puno
Chupa,Azangaro,Puno
Jose Domingo Choquehuanca,Azangaro,Puno
Muñani,Azangaro,Puno
Potoni,Azangaro,Puno
Saman,Azangaro,Puno
San Anton,Azangaro,Puno
San Jose,Azangaro,Puno
San Juan de Salinas,Azangaro,Puno
Santiago de Pupuja,Azangaro,Puno
Tirapata,Azangaro,Puno
Macusani,Carabaya,Puno
Ajoyani,Carabaya,Puno
Ayapata,Carabaya,Puno
Coasa,Carabaya,Puno
Corani,Carabaya,Puno
Crucero,Carabaya,Puno
Ituata,Carabaya,Puno
Ollachea,Carabaya,Puno
San Gaban,Carabaya,Puno
Usicayos,Carabaya,Puno
Juli,Chucuito,Puno
Desaguadero,Chucuito,Puno
Huacullani,Chucuito,Puno
Kelluyo,Chucuito,Puno
Pisacoma,Chucuito,Puno
Pomata,Chucuito,Puno
Zepita,Chucuito,Puno
Ilave,El Collao,Puno
Capazo,El Collao,Puno
Pilcuyo,El Collao,Puno
Santa Rosa,El Collao,Puno
Conduriri,El Collao,Puno
Huancane,Huancane,Puno
Cojata,Huancane,Puno
Huatasani,Huancane,Puno
Inchupalla,Huancane,Puno
Pusi,Huancane,Puno
Rosaspata,Huancane,Puno
Taraco,Huancane,Puno
Vilque Chico,Huancane,Puno
Lampa,Lampa,Puno
Cabanilla,Lampa,Puno
Calapuja,Lampa,Puno
Nicasio,Lampa,Puno
Ocuviri,Lampa,Puno
Palca,Lampa,Puno
Paratia,Lampa,Puno
Pucara,Lampa,Puno
Santa Lucia,Lampa,Puno
Vilavila,Lampa,Puno
Ayaviri,Melgar,Puno
Antauta,Melgar,Puno
Cupi,Melgar,Puno
Llalli,Melgar,Puno
Macari,Melgar,Puno
Nuñoa,Melgar,Puno
Orurillo,Melgar,Puno
Santa Rosa,Melgar,Puno
Umachiri,Melgar,Puno
Moho,Moho,Puno
Conima,Moho,Puno
Huayrapata,Moho,Puno
Tilali,Moho,Puno
Putina,San Antonio de Putin,Puno
Ananea,San Antonio de Putin,Puno
Pedro Vilca Apaza,San Antonio de Putin,Puno
Quilcapuncu,San Antonio de Putin,Puno
Sina,San Antonio de Putin,Puno
Juliaca,San Roman,Puno
Cabana,San Roman,Puno
Cabanillas,San Roman,Puno
Caracoto,San Roman,Puno
San Miguel,San Roman,Puno
Sandia,Sandia,Puno
Cuyocuyo,Sandia,Puno
Limbani,Sandia,Puno
Patambuco,Sandia,Puno
Phara,Sandia,Puno
Quiaca,Sandia,Puno
San Juan del Oro,Sandia,Puno
Yanahuaya,Sandia,Puno
Alto Inambari,Sandia,Puno
San Pedro de Putina Punco,Sandia,Puno
Yunguyo,Yunguyo,Puno
Anapia,Yunguyo,Puno
Copani,Yunguyo,Puno
Cuturapi,Yunguyo,Puno
Ollaraya,Yunguyo,Puno
Tinicachi,Yunguyo,Puno
Unicachi,Yunguyo,Puno
Moyobamba,Moyobamba,San Martin
Calzada,Moyobamba,San Martin
Habana,Moyobamba,San Martin
Jepelacio,Moyobamba,San Martin
Soritor,Moyobamba,San Martin
Yantalo,Moyobamba,San Martin
Bellavista,Bellavista,San Martin
Alto Biavo,Bellavista,San Martin
Bajo Biavo,Bellavista,San Martin
Huallaga,Bellavista,San Martin
San Pablo,Bellavista,San Martin
San Rafael,Bellavista,San Martin
San Jose de Sisa,El Dorado,San Martin
Agua Blanca,El Dorado,San Martin
San Martin,El Dorado,San Martin
Santa Rosa,El Dorado,San Martin
Shatoja,El Dorado,San Martin
Saposoa,Huallaga,San Martin
Alto Saposoa,Huallaga,San Martin
El Eslabon,Huallaga,San Martin
Piscoyacu,Huallaga,San Martin
Sacanche,Huallaga,San Martin
Tingo de Saposoa,Huallaga,San Martin
Lamas,Lamas,San Martin
Alonso de Alvarado,Lamas,San Martin
Barranquita,Lamas,San Martin
Caynarachi,Lamas,San Martin
Cuñumbuqui,Lamas,San Martin
Pinto Recodo,Lamas,San Martin
Rumisapa,Lamas,San Martin
San Roque de Cumbaza,Lamas,San Martin
Shanao,Lamas,San Martin
Tabalosos,Lamas,San Martin
Zapatero,Lamas,San Martin
Juanjui,Mariscal Caceres,San Martin
Campanilla,Mariscal Caceres,San Martin
Huicungo,Mariscal Caceres,San Martin
Pachiza,Mariscal Caceres,San Martin
Pajarillo,Mariscal Caceres,San Martin
Picota,Picota,San Martin
Buenos Aires,Picota,San Martin
Caspisapa,Picota,San Martin
Pilluana,Picota,San Martin
Pucacaca,Picota,San Martin
San Cristobal,Picota,San Martin
San Hilarion,Picota,San Martin
Shamboyacu,Picota,San Martin
Tingo de Ponasa,Picota,San Martin
Tres Unidos,Picota,San Martin
Rioja,Rioja,San Martin
Awajun,Rioja,San Martin
Elias Soplin Vargas,Rioja,San Martin
Nueva Cajamarca,Rioja,San Martin
Pardo Miguel,Rioja,San Martin
Posic,Rioja,San Martin
San Fernando,Rioja,San Martin
Yorongos,Rioja,San Martin
Yuracyacu,Rioja,San Martin
Tarapoto,San Martin,San Martin
Alberto Leveau,San Martin,San Martin
Cacatachi,San Martin,San Martin
Chazuta,San Martin,San Martin
Chipurana,San Martin,San Martin
El Porvenir,San Martin,San Martin
Huimbayoc,San Martin,San Martin
Juan Guerra,San Martin,San Martin
La Banda de Shilcayo,San Martin,San Martin
Morales,San Martin,San Martin
Papaplaya,San Martin,San Martin
San Antonio,San Martin,San Martin
Sauce,San Martin,San Martin
Shapaja,San Martin,San Martin
Tocache,Tocache,San Martin
Nuevo Progreso,Tocache,San Martin
Polvora,Tocache,San Martin
Shunte,Tocache,San Martin
Uchiza,Tocache,San Martin
Tacna,Tacna,Tacna
Alto de La Alianza,Tacna,Tacna
Calana,Tacna,Tacna
Ciudad Nueva,Tacna,Tacna
Inclan,Tacna,Tacna
Pachia,Tacna,Tacna
Palca,Tacna,Tacna
Pocollay,Tacna,Tacna
Sama,Tacna,Tacna
Coronel Gregorio Albarracin Lanchipa,Tacna,Tacna
La Yarada-Los Palos,Tacna,Tacna
Candarave,Candarave,Tacna
Cairani,Candarave,Tacna
Camilaca,Candarave,Tacna
Curibaya,Candarave,Tacna
Huanuara,Candarave,Tacna
Quilahuani,Candarave,Tacna
Locumba,Jorge Basadre,Tacna
Ilabaya,Jorge Basadre,Tacna
Ite,Jorge Basadre,Tacna
Tarata,Tarata,Tacna
Heroes Albarracin,Tarata,Tacna
Estique,Tarata,Tacna
Estique-Pampa,Tarata,Tacna
Sitajara,Tarata,Tacna
Susapaya,Tarata,Tacna
Tarucachi,Tarata,Tacna
Ticaco,Tarata,Tacna
Tumbes,Tumbes,Tumbes
Corrales,Tumbes,Tumbes
La Cruz,Tumbes,Tumbes
Pampas de Hospital,Tumbes,Tumbes
San Jacinto,Tumbes,Tumbes
San Juan de La Virgen,Tumbes,Tumbes
Zorritos,Contralmirante Villa,Tumbes
Casitas,Contralmirante Villa,Tumbes
Canoas de Punta Sal,Contralmirante Villa,Tumbes
Zarumilla,Zarumilla,Tumbes
Aguas Verdes,Zarumilla,Tumbes
Matapalo,Zarumilla,Tumbes
Papayal,Zarumilla,Tumbes
Calleria,Coronel Portillo,Ucayali
Campoverde,Coronel Portillo,Ucayali
Iparia,Coronel Portillo,Ucayali
Masisea,Coronel Portillo,Ucayali
Yarinacocha,Coronel Portillo,Ucayali
Nueva Requena,Coronel Portillo,Ucayali
Manantay,Coronel Portillo,Ucayali
Raymondi,Atalaya,Ucayali
Sepahua,Atalaya,Ucayali
Tahuania,Atalaya,Ucayali
Yurua,Atalaya,Ucayali
Padre Abad,Padre Abad,Ucayali
Irazola,Padre Abad,Ucayali
Curimana,Padre Abad,Ucayali
Neshuya,Padre Abad,Ucayali
Alexander von Humboldt,Padre Abad,Ucayali
Purus,Purus,Ucayali
